--
-- PostgreSQL database dump
--

-- Dumped from database version 9.5.3
-- Dumped by pg_dump version 9.5.3

SET statement_timeout = 0;
SET lock_timeout = 0;
SET client_encoding = 'UTF8';
SET standard_conforming_strings = on;
SET check_function_bodies = false;
SET client_min_messages = warning;
SET row_security = off;

--
-- Name: plpgsql; Type: EXTENSION; Schema: -; Owner: 
--

CREATE EXTENSION IF NOT EXISTS plpgsql WITH SCHEMA pg_catalog;


--
-- Name: EXTENSION plpgsql; Type: COMMENT; Schema: -; Owner: 
--

COMMENT ON EXTENSION plpgsql IS 'PL/pgSQL procedural language';


SET search_path = public, pg_catalog;

SET default_tablespace = '';

SET default_with_oids = false;

--
-- Name: blood_type; Type: TABLE; Schema: public; Owner: postgres
--

CREATE TABLE blood_type (
    id integer NOT NULL,
    blood_type character varying(2) NOT NULL,
    rhesus_factor character(1) NOT NULL
);


ALTER TABLE blood_type OWNER TO postgres;

--
-- Name: blood_type_id_seq; Type: SEQUENCE; Schema: public; Owner: postgres
--

CREATE SEQUENCE blood_type_id_seq
    START WITH 1
    INCREMENT BY 1
    NO MINVALUE
    NO MAXVALUE
    CACHE 1;


ALTER TABLE blood_type_id_seq OWNER TO postgres;

--
-- Name: blood_type_id_seq; Type: SEQUENCE OWNED BY; Schema: public; Owner: postgres
--

ALTER SEQUENCE blood_type_id_seq OWNED BY blood_type.id;


--
-- Name: diseases; Type: TABLE; Schema: public; Owner: postgres
--

CREATE TABLE diseases (
    id integer NOT NULL,
    disease character varying(50) NOT NULL,
    is_infectious boolean NOT NULL
);


ALTER TABLE diseases OWNER TO postgres;

--
-- Name: diseases_id_seq; Type: SEQUENCE; Schema: public; Owner: postgres
--

CREATE SEQUENCE diseases_id_seq
    START WITH 1
    INCREMENT BY 1
    NO MINVALUE
    NO MAXVALUE
    CACHE 1;


ALTER TABLE diseases_id_seq OWNER TO postgres;

--
-- Name: diseases_id_seq; Type: SEQUENCE OWNED BY; Schema: public; Owner: postgres
--

ALTER SEQUENCE diseases_id_seq OWNED BY diseases.id;


--
-- Name: doctors; Type: TABLE; Schema: public; Owner: postgres
--

CREATE TABLE doctors (
    id integer NOT NULL,
    last_name character varying(20) NOT NULL,
    first_name character varying(20) NOT NULL,
    phone character(13) NOT NULL,
    email character varying(30) NOT NULL,
    specialisation_id integer NOT NULL
);


ALTER TABLE doctors OWNER TO postgres;

--
-- Name: doctors_id_seq; Type: SEQUENCE; Schema: public; Owner: postgres
--

CREATE SEQUENCE doctors_id_seq
    START WITH 1
    INCREMENT BY 1
    NO MINVALUE
    NO MAXVALUE
    CACHE 1;


ALTER TABLE doctors_id_seq OWNER TO postgres;

--
-- Name: doctors_id_seq; Type: SEQUENCE OWNED BY; Schema: public; Owner: postgres
--

ALTER SEQUENCE doctors_id_seq OWNED BY doctors.id;


--
-- Name: doctors_specialisation; Type: TABLE; Schema: public; Owner: postgres
--

CREATE TABLE doctors_specialisation (
    id integer NOT NULL,
    specialisation character varying(20) NOT NULL
);


ALTER TABLE doctors_specialisation OWNER TO postgres;

--
-- Name: doctors_specialisation_id_seq; Type: SEQUENCE; Schema: public; Owner: postgres
--

CREATE SEQUENCE doctors_specialisation_id_seq
    START WITH 1
    INCREMENT BY 1
    NO MINVALUE
    NO MAXVALUE
    CACHE 1;


ALTER TABLE doctors_specialisation_id_seq OWNER TO postgres;

--
-- Name: doctors_specialisation_id_seq; Type: SEQUENCE OWNED BY; Schema: public; Owner: postgres
--

ALTER SEQUENCE doctors_specialisation_id_seq OWNED BY doctors_specialisation.id;


--
-- Name: drug_type; Type: TABLE; Schema: public; Owner: postgres
--

CREATE TABLE drug_type (
    id integer NOT NULL,
    drug_type character varying(20) NOT NULL
);


ALTER TABLE drug_type OWNER TO postgres;

--
-- Name: drug_type_id_seq; Type: SEQUENCE; Schema: public; Owner: postgres
--

CREATE SEQUENCE drug_type_id_seq
    START WITH 1
    INCREMENT BY 1
    NO MINVALUE
    NO MAXVALUE
    CACHE 1;


ALTER TABLE drug_type_id_seq OWNER TO postgres;

--
-- Name: drug_type_id_seq; Type: SEQUENCE OWNED BY; Schema: public; Owner: postgres
--

ALTER SEQUENCE drug_type_id_seq OWNED BY drug_type.id;


--
-- Name: drugs; Type: TABLE; Schema: public; Owner: postgres
--

CREATE TABLE drugs (
    id integer NOT NULL,
    trade_name character varying(50) NOT NULL,
    inn_name character varying(50) NOT NULL,
    packing integer NOT NULL,
    dosage_per_one_unit numeric NOT NULL,
    manufacturer_id integer NOT NULL,
    drug_type_id integer NOT NULL
);


ALTER TABLE drugs OWNER TO postgres;

--
-- Name: drugs_id_seq; Type: SEQUENCE; Schema: public; Owner: postgres
--

CREATE SEQUENCE drugs_id_seq
    START WITH 1
    INCREMENT BY 1
    NO MINVALUE
    NO MAXVALUE
    CACHE 1;


ALTER TABLE drugs_id_seq OWNER TO postgres;

--
-- Name: drugs_id_seq; Type: SEQUENCE OWNED BY; Schema: public; Owner: postgres
--

ALTER SEQUENCE drugs_id_seq OWNED BY drugs.id;


--
-- Name: manufacturers; Type: TABLE; Schema: public; Owner: postgres
--

CREATE TABLE manufacturers (
    id integer NOT NULL,
    manufacturer character varying(30) NOT NULL
);


ALTER TABLE manufacturers OWNER TO postgres;

--
-- Name: manufacturers_id_seq; Type: SEQUENCE; Schema: public; Owner: postgres
--

CREATE SEQUENCE manufacturers_id_seq
    START WITH 1
    INCREMENT BY 1
    NO MINVALUE
    NO MAXVALUE
    CACHE 1;


ALTER TABLE manufacturers_id_seq OWNER TO postgres;

--
-- Name: manufacturers_id_seq; Type: SEQUENCE OWNED BY; Schema: public; Owner: postgres
--

ALTER SEQUENCE manufacturers_id_seq OWNED BY manufacturers.id;


--
-- Name: patients; Type: TABLE; Schema: public; Owner: postgres
--

CREATE TABLE patients (
    id integer NOT NULL,
    last_name character varying(20) NOT NULL,
    first_name character varying(20) NOT NULL,
    phone character(13),
    email character varying(30),
    gender character varying(6) NOT NULL,
    birthday date NOT NULL,
    identification_number integer,
    blood_type_id integer
);


ALTER TABLE patients OWNER TO postgres;

--
-- Name: patients_diseases; Type: TABLE; Schema: public; Owner: postgres
--

CREATE TABLE patients_diseases (
    patient_id integer NOT NULL,
    disease_id integer NOT NULL,
    disease_history text NOT NULL,
    id integer NOT NULL
);


ALTER TABLE patients_diseases OWNER TO postgres;

--
-- Name: patients_diseases_id_seq; Type: SEQUENCE; Schema: public; Owner: postgres
--

CREATE SEQUENCE patients_diseases_id_seq
    START WITH 1
    INCREMENT BY 1
    NO MINVALUE
    NO MAXVALUE
    CACHE 1;


ALTER TABLE patients_diseases_id_seq OWNER TO postgres;

--
-- Name: patients_diseases_id_seq; Type: SEQUENCE OWNED BY; Schema: public; Owner: postgres
--

ALTER SEQUENCE patients_diseases_id_seq OWNED BY patients_diseases.id;


--
-- Name: patients_doctors; Type: TABLE; Schema: public; Owner: postgres
--

CREATE TABLE patients_doctors (
    doctor_id integer NOT NULL,
    patient_id integer NOT NULL,
    id integer NOT NULL
);


ALTER TABLE patients_doctors OWNER TO postgres;

--
-- Name: patients_doctors_id_seq; Type: SEQUENCE; Schema: public; Owner: postgres
--

CREATE SEQUENCE patients_doctors_id_seq
    START WITH 1
    INCREMENT BY 1
    NO MINVALUE
    NO MAXVALUE
    CACHE 1;


ALTER TABLE patients_doctors_id_seq OWNER TO postgres;

--
-- Name: patients_doctors_id_seq; Type: SEQUENCE OWNED BY; Schema: public; Owner: postgres
--

ALTER SEQUENCE patients_doctors_id_seq OWNED BY patients_doctors.id;


--
-- Name: patients_drugs; Type: TABLE; Schema: public; Owner: postgres
--

CREATE TABLE patients_drugs (
    drug_id integer NOT NULL,
    patient_id integer NOT NULL,
    id integer NOT NULL
);


ALTER TABLE patients_drugs OWNER TO postgres;

--
-- Name: patients_drugs_id_seq; Type: SEQUENCE; Schema: public; Owner: postgres
--

CREATE SEQUENCE patients_drugs_id_seq
    START WITH 1
    INCREMENT BY 1
    NO MINVALUE
    NO MAXVALUE
    CACHE 1;


ALTER TABLE patients_drugs_id_seq OWNER TO postgres;

--
-- Name: patients_drugs_id_seq; Type: SEQUENCE OWNED BY; Schema: public; Owner: postgres
--

ALTER SEQUENCE patients_drugs_id_seq OWNED BY patients_drugs.id;


--
-- Name: patients_id_seq; Type: SEQUENCE; Schema: public; Owner: postgres
--

CREATE SEQUENCE patients_id_seq
    START WITH 1
    INCREMENT BY 1
    NO MINVALUE
    NO MAXVALUE
    CACHE 1;


ALTER TABLE patients_id_seq OWNER TO postgres;

--
-- Name: patients_id_seq; Type: SEQUENCE OWNED BY; Schema: public; Owner: postgres
--

ALTER SEQUENCE patients_id_seq OWNED BY patients.id;


--
-- Name: id; Type: DEFAULT; Schema: public; Owner: postgres
--

ALTER TABLE ONLY blood_type ALTER COLUMN id SET DEFAULT nextval('blood_type_id_seq'::regclass);


--
-- Name: id; Type: DEFAULT; Schema: public; Owner: postgres
--

ALTER TABLE ONLY diseases ALTER COLUMN id SET DEFAULT nextval('diseases_id_seq'::regclass);


--
-- Name: id; Type: DEFAULT; Schema: public; Owner: postgres
--

ALTER TABLE ONLY doctors ALTER COLUMN id SET DEFAULT nextval('doctors_id_seq'::regclass);


--
-- Name: id; Type: DEFAULT; Schema: public; Owner: postgres
--

ALTER TABLE ONLY doctors_specialisation ALTER COLUMN id SET DEFAULT nextval('doctors_specialisation_id_seq'::regclass);


--
-- Name: id; Type: DEFAULT; Schema: public; Owner: postgres
--

ALTER TABLE ONLY drug_type ALTER COLUMN id SET DEFAULT nextval('drug_type_id_seq'::regclass);


--
-- Name: id; Type: DEFAULT; Schema: public; Owner: postgres
--

ALTER TABLE ONLY drugs ALTER COLUMN id SET DEFAULT nextval('drugs_id_seq'::regclass);


--
-- Name: id; Type: DEFAULT; Schema: public; Owner: postgres
--

ALTER TABLE ONLY manufacturers ALTER COLUMN id SET DEFAULT nextval('manufacturers_id_seq'::regclass);


--
-- Name: id; Type: DEFAULT; Schema: public; Owner: postgres
--

ALTER TABLE ONLY patients ALTER COLUMN id SET DEFAULT nextval('patients_id_seq'::regclass);


--
-- Name: id; Type: DEFAULT; Schema: public; Owner: postgres
--

ALTER TABLE ONLY patients_diseases ALTER COLUMN id SET DEFAULT nextval('patients_diseases_id_seq'::regclass);


--
-- Name: id; Type: DEFAULT; Schema: public; Owner: postgres
--

ALTER TABLE ONLY patients_doctors ALTER COLUMN id SET DEFAULT nextval('patients_doctors_id_seq'::regclass);


--
-- Name: id; Type: DEFAULT; Schema: public; Owner: postgres
--

ALTER TABLE ONLY patients_drugs ALTER COLUMN id SET DEFAULT nextval('patients_drugs_id_seq'::regclass);


--
-- Data for Name: blood_type; Type: TABLE DATA; Schema: public; Owner: postgres
--

COPY blood_type (id, blood_type, rhesus_factor) FROM stdin;
1	0	+
2	A	+
3	B	+
4	AB	+
5	0	-
6	A	-
7	B	-
8	AB	-
\.


--
-- Name: blood_type_id_seq; Type: SEQUENCE SET; Schema: public; Owner: postgres
--

SELECT pg_catalog.setval('blood_type_id_seq', 8, true);


--
-- Data for Name: diseases; Type: TABLE DATA; Schema: public; Owner: postgres
--

COPY diseases (id, disease, is_infectious) FROM stdin;
1	Botulism	t
3	Hepatitis B	t
5	Salmonellosis	t
6	Syphilis	t
7	Ebola virus disease	t
8	Poliomyelitis	t
9	Diabetes	f
10	Cancer	f
11	Fibromyalgia	f
12	Osteoporosis	f
13	Alzheimer’s	f
14	Asthma	f
15	Cerebral palsy	f
16	Pneumonia	f
4	Hepatitis C	t
2	Hepatitis A	t
\.


--
-- Name: diseases_id_seq; Type: SEQUENCE SET; Schema: public; Owner: postgres
--

SELECT pg_catalog.setval('diseases_id_seq', 23, true);


--
-- Data for Name: doctors; Type: TABLE DATA; Schema: public; Owner: postgres
--

COPY doctors (id, last_name, first_name, phone, email, specialisation_id) FROM stdin;
1	Dunn	Clive	+380505050505	dunn@eclinic.com	22
2	Winters	Bernie	+38050505050 	winters@eclinic.com	26
3	Grant	Gerry	+380505050506	grant@eclinic.com	1
4	Mclean	Don	+380505050507	mclean@eclinic.com	6
5	Hull	Rod	+380505050510	hull@eclinic.com	8
6	Mortimer	Bob	+380505050547	mortimer@eclinic.com	8
7	Field	John	+38050250547 	mortimer@eclinic.com	12
8	Perry	Mark	+380502677897	perry@eclinic.com	1
11	Doctor	NOT	+38050       	sdf@mail.ru	3
\.


--
-- Name: doctors_id_seq; Type: SEQUENCE SET; Schema: public; Owner: postgres
--

SELECT pg_catalog.setval('doctors_id_seq', 11, true);


--
-- Data for Name: doctors_specialisation; Type: TABLE DATA; Schema: public; Owner: postgres
--

COPY doctors_specialisation (id, specialisation) FROM stdin;
1	Audiologist
2	Allergist
3	Anesthesiologist
4	Cardiologist
5	Dentist
6	Dermatologist
7	Endocrinologist
8	Epidemiologist
9	Gynecologist
10	Immunologist
11	Infectious Disease
12	Medical Geneticist
13	Microbiologist
14	Neonatologist
15	Neurologist
16	Neurosurgeon
17	Obstetrician
18	Oncologist
19	Orthopedic Surgeon
20	ENT Specialist
21	Pediatrician
22	Physiologist
23	Plastic Surgeon
24	Podiatrist
25	Podiatrist
26	Podiatrist
27	Rheumatologist
28	Surgeon
29	Urologist
\.


--
-- Name: doctors_specialisation_id_seq; Type: SEQUENCE SET; Schema: public; Owner: postgres
--

SELECT pg_catalog.setval('doctors_specialisation_id_seq', 29, true);


--
-- Data for Name: drug_type; Type: TABLE DATA; Schema: public; Owner: postgres
--

COPY drug_type (id, drug_type) FROM stdin;
1	ampoule
2	tablets
3	drops
4	suppository
5	suspension
6	solution
\.


--
-- Name: drug_type_id_seq; Type: SEQUENCE SET; Schema: public; Owner: postgres
--

SELECT pg_catalog.setval('drug_type_id_seq', 7, true);


--
-- Data for Name: drugs; Type: TABLE DATA; Schema: public; Owner: postgres
--

COPY drugs (id, trade_name, inn_name, packing, dosage_per_one_unit, manufacturer_id, drug_type_id) FROM stdin;
1	Analgin	Metamizole sodium	10	0.5	1	2
2	Analgin	Metamizole sodium	10	1	1	1
3	Dexamethasone	Dexamethasone	10	0.5	2	2
4	Dexamethasone	Dexamethasone	10	0.5	6	2
5	Dexamethasone	Dexamethasone	100	0.04	4	1
6	Piracetam	Piracetam	60	0.2	5	2
7	Piracetam	Piracetam	10	1	7	1
\.


--
-- Name: drugs_id_seq; Type: SEQUENCE SET; Schema: public; Owner: postgres
--

SELECT pg_catalog.setval('drugs_id_seq', 10, true);


--
-- Data for Name: manufacturers; Type: TABLE DATA; Schema: public; Owner: postgres
--

COPY manufacturers (id, manufacturer) FROM stdin;
1	Bayer
2	Farmak
3	Astra-Zeneca
4	Novartis
5	Roche
6	Teva
7	Actavis
8	Baxter
\.


--
-- Name: manufacturers_id_seq; Type: SEQUENCE SET; Schema: public; Owner: postgres
--

SELECT pg_catalog.setval('manufacturers_id_seq', 9, true);


--
-- Data for Name: patients; Type: TABLE DATA; Schema: public; Owner: postgres
--

COPY patients (id, last_name, first_name, phone, email, gender, birthday, identification_number, blood_type_id) FROM stdin;
1	Gibbs	Adrian	+380676767067	gibbs@egmail.com	male	1985-02-14	1234567890	1
2	Hurndall	Richard	+380676765477	hurndall@egmail.com	male	1980-02-14	1234567687	3
3	Jayston	Michael	+380676297477	jayston@egmail.com	male	1982-01-29	1234567687	6
4	Jones	Toby	+380676117477	jones@egmail.com	male	1974-06-15	454567687	8
5	Guilor	John	+380676125477	guilor@egmail.com	male	1960-10-22	454511287	1
7	Taylor	Aby	+380676654327	taylor@egmail.com	female	1955-04-23	235645877	2
8	Presley	Britney	+380635454327	presley@egmail.com	female	1987-02-23	235321877	3
9	Patterson	Dakota	+380635454327	patterson@egmail.com	female	1981-09-04	798654132	3
10	Joslyn	Cindy	+380636548727	joslyn@egmail.com	female	1976-12-31	654789321	1
6	Stroud	Barbara	+380676123327	stroud@egmail.com	female	1960-10-22	46811287	1
11	Gosling	Jenny	+380636585412	gosling@egmail.com	female	1971-11-30	1223366545	2
14	Grey	Pamela	+380636549874	grey@egmail.com	female	1978-10-30	1111111111	2
15	MIKE	Ohearn	phone        	df@asd.ry	male	2016-05-22	14124141	2
\.


--
-- Data for Name: patients_diseases; Type: TABLE DATA; Schema: public; Owner: postgres
--

COPY patients_diseases (patient_id, disease_id, disease_history, id) FROM stdin;
1	3	The hepatitis B vaccine is the first anti-cancer vaccine because it can prevent liver cancer. Worldwide, chronic hepatitis B causes 80% of all liver cancer, which is  the 9th leading cause of death. Therefore, a vaccine that protects against a hepatitis B infection can also help prevent liver cancer.	1
5	8	Few diseases frightened parents more in the early part of the 20th century than polio did. Polio struck in the warm summer months, sweeping through towns in epidemics every few years. Though most people recovered quickly from polio, some suffered temporary or permanent paralysis and even death. Many polio survivors were disabled for life. They were a visible, painful reminder to society of the enormous toll this disease took on young lives.	2
1	8	Polio is the common name for poliomyelitis, which comes from the Greek words for grey and marrow, referring to the spinal cord, and the suffix –itis, meaning inflammation. Poliomyelitis, shortened, became polio. For a time, polio was called infantile paralysis, though it did not affect only the young.	3
7	14	We know that asthma existed in ancient Egyptian times, and there is some evidence that asthma has been around even before that. The Georg Ebers Papyrus - found in Egypt in the 1870s - contains prescriptions written in hieroglyphics for over 700 remedies. One of the ancient Egyptian remedies was to heat a mixture of herbs on bricks and inhale their fumes.	4
9	16	Pneumonic infection has been noted throughout human history, with mentions of the disease appearing during early Greek civilization. However, despite our long history with the disease, pneumonia remains a serious medical concern throughout the global community today, with millions of cases of pneumonia-related hospitalizations and deaths worldwide.	5
1	16	The bacteria Streptococcus pneumonia is one of the most common causes of pneumonia throughout the world. Discovery of the bacteria occurred in 1881 when French microbiologist, Louis Pasteur, and American microbiologist, George Sternberg, each independently identified lancet-shaped bacteria in saliva.	6
\.


--
-- Name: patients_diseases_id_seq; Type: SEQUENCE SET; Schema: public; Owner: postgres
--

SELECT pg_catalog.setval('patients_diseases_id_seq', 6, true);


--
-- Data for Name: patients_doctors; Type: TABLE DATA; Schema: public; Owner: postgres
--

COPY patients_doctors (doctor_id, patient_id, id) FROM stdin;
1	1	1
5	1	2
7	1	3
8	5	4
1	7	5
2	7	6
6	9	7
\.


--
-- Name: patients_doctors_id_seq; Type: SEQUENCE SET; Schema: public; Owner: postgres
--

SELECT pg_catalog.setval('patients_doctors_id_seq', 7, true);


--
-- Data for Name: patients_drugs; Type: TABLE DATA; Schema: public; Owner: postgres
--

COPY patients_drugs (drug_id, patient_id, id) FROM stdin;
1	1	1
5	1	2
6	1	3
2	5	4
7	5	5
7	7	6
4	9	7
5	9	8
\.


--
-- Name: patients_drugs_id_seq; Type: SEQUENCE SET; Schema: public; Owner: postgres
--

SELECT pg_catalog.setval('patients_drugs_id_seq', 8, true);


--
-- Name: patients_id_seq; Type: SEQUENCE SET; Schema: public; Owner: postgres
--

SELECT pg_catalog.setval('patients_id_seq', 15, true);


--
-- Name: blood_type_pkey; Type: CONSTRAINT; Schema: public; Owner: postgres
--

ALTER TABLE ONLY blood_type
    ADD CONSTRAINT blood_type_pkey PRIMARY KEY (id);


--
-- Name: diseases_pkey; Type: CONSTRAINT; Schema: public; Owner: postgres
--

ALTER TABLE ONLY diseases
    ADD CONSTRAINT diseases_pkey PRIMARY KEY (id);


--
-- Name: doctors_pkey; Type: CONSTRAINT; Schema: public; Owner: postgres
--

ALTER TABLE ONLY doctors
    ADD CONSTRAINT doctors_pkey PRIMARY KEY (id);


--
-- Name: doctors_specialisation_pkey; Type: CONSTRAINT; Schema: public; Owner: postgres
--

ALTER TABLE ONLY doctors_specialisation
    ADD CONSTRAINT doctors_specialisation_pkey PRIMARY KEY (id);


--
-- Name: drug_type_pkey; Type: CONSTRAINT; Schema: public; Owner: postgres
--

ALTER TABLE ONLY drug_type
    ADD CONSTRAINT drug_type_pkey PRIMARY KEY (id);


--
-- Name: drugs_pkey; Type: CONSTRAINT; Schema: public; Owner: postgres
--

ALTER TABLE ONLY drugs
    ADD CONSTRAINT drugs_pkey PRIMARY KEY (id);


--
-- Name: manufacturers_pkey; Type: CONSTRAINT; Schema: public; Owner: postgres
--

ALTER TABLE ONLY manufacturers
    ADD CONSTRAINT manufacturers_pkey PRIMARY KEY (id);


--
-- Name: patients_diseases_pkey; Type: CONSTRAINT; Schema: public; Owner: postgres
--

ALTER TABLE ONLY patients_diseases
    ADD CONSTRAINT patients_diseases_pkey PRIMARY KEY (id);


--
-- Name: patients_doctors_pkey; Type: CONSTRAINT; Schema: public; Owner: postgres
--

ALTER TABLE ONLY patients_doctors
    ADD CONSTRAINT patients_doctors_pkey PRIMARY KEY (id);


--
-- Name: patients_drugs_pkey; Type: CONSTRAINT; Schema: public; Owner: postgres
--

ALTER TABLE ONLY patients_drugs
    ADD CONSTRAINT patients_drugs_pkey PRIMARY KEY (id);


--
-- Name: patients_pkey; Type: CONSTRAINT; Schema: public; Owner: postgres
--

ALTER TABLE ONLY patients
    ADD CONSTRAINT patients_pkey PRIMARY KEY (id);


--
-- Name: doctors_specialisation_id_fkey; Type: FK CONSTRAINT; Schema: public; Owner: postgres
--

ALTER TABLE ONLY doctors
    ADD CONSTRAINT doctors_specialisation_id_fkey FOREIGN KEY (specialisation_id) REFERENCES doctors_specialisation(id);


--
-- Name: drugs_drug_type_id_fkey; Type: FK CONSTRAINT; Schema: public; Owner: postgres
--

ALTER TABLE ONLY drugs
    ADD CONSTRAINT drugs_drug_type_id_fkey FOREIGN KEY (drug_type_id) REFERENCES drug_type(id);


--
-- Name: drugs_manufacturer_id_fkey; Type: FK CONSTRAINT; Schema: public; Owner: postgres
--

ALTER TABLE ONLY drugs
    ADD CONSTRAINT drugs_manufacturer_id_fkey FOREIGN KEY (manufacturer_id) REFERENCES manufacturers(id);


--
-- Name: patients_blood_type_id_fkey; Type: FK CONSTRAINT; Schema: public; Owner: postgres
--

ALTER TABLE ONLY patients
    ADD CONSTRAINT patients_blood_type_id_fkey FOREIGN KEY (blood_type_id) REFERENCES blood_type(id);


--
-- Name: patients_diseases_disease_id_fkey; Type: FK CONSTRAINT; Schema: public; Owner: postgres
--

ALTER TABLE ONLY patients_diseases
    ADD CONSTRAINT patients_diseases_disease_id_fkey FOREIGN KEY (disease_id) REFERENCES diseases(id);


--
-- Name: patients_diseases_patient_id_fkey; Type: FK CONSTRAINT; Schema: public; Owner: postgres
--

ALTER TABLE ONLY patients_diseases
    ADD CONSTRAINT patients_diseases_patient_id_fkey FOREIGN KEY (patient_id) REFERENCES patients(id);


--
-- Name: patients_doctors_doctor_id_fkey; Type: FK CONSTRAINT; Schema: public; Owner: postgres
--

ALTER TABLE ONLY patients_doctors
    ADD CONSTRAINT patients_doctors_doctor_id_fkey FOREIGN KEY (doctor_id) REFERENCES doctors(id);


--
-- Name: patients_doctors_patient_id_fkey; Type: FK CONSTRAINT; Schema: public; Owner: postgres
--

ALTER TABLE ONLY patients_doctors
    ADD CONSTRAINT patients_doctors_patient_id_fkey FOREIGN KEY (patient_id) REFERENCES patients(id);


--
-- Name: patients_drugs_drug_id_fkey; Type: FK CONSTRAINT; Schema: public; Owner: postgres
--

ALTER TABLE ONLY patients_drugs
    ADD CONSTRAINT patients_drugs_drug_id_fkey FOREIGN KEY (drug_id) REFERENCES drugs(id);


--
-- Name: patients_drugs_patient_id_fkey; Type: FK CONSTRAINT; Schema: public; Owner: postgres
--

ALTER TABLE ONLY patients_drugs
    ADD CONSTRAINT patients_drugs_patient_id_fkey FOREIGN KEY (patient_id) REFERENCES patients(id);


--
-- Name: public; Type: ACL; Schema: -; Owner: postgres
--

REVOKE ALL ON SCHEMA public FROM PUBLIC;
REVOKE ALL ON SCHEMA public FROM postgres;
GRANT ALL ON SCHEMA public TO postgres;
GRANT ALL ON SCHEMA public TO PUBLIC;


--
-- PostgreSQL database dump complete
--

